Time,Step,Train loss,Validation loss,Validation dice
2024-05-16 23:29:56.108466,Step[1],0.958369,0.902935,0.097065
2024-05-16 23:30:35.281801,Step[2],0.896857,0.842405,0.157595
2024-05-16 23:31:14.562672,Step[3],0.859405,0.819983,0.180017
2024-05-16 23:31:53.976485,Step[4],0.841676,0.807692,0.192308
2024-05-16 23:32:33.201249,Step[5],0.831902,0.798874,0.201126
2024-05-16 23:33:12.331619,Step[6],0.822132,0.790632,0.209368
2024-05-16 23:33:51.640698,Step[7],0.815690,0.789425,0.210575
2024-05-16 23:34:30.903218,Step[8],0.809980,0.779689,0.220311
2024-05-16 23:35:10.149385,Step[9],0.805017,0.773247,0.226753
2024-05-16 23:35:49.367735,Step[10],0.795787,0.769231,0.230769
2024-05-16 23:36:28.517521,Step[11],0.792019,0.767945,0.232055
2024-05-16 23:37:07.677265,Step[12],0.782769,0.765111,0.234889
2024-05-16 23:37:46.894960,Step[13],0.783708,0.758198,0.241802
2024-05-16 23:38:26.063937,Step[14],0.776032,0.762431,0.237569
2024-05-16 23:39:05.129351,Step[15],0.770983,0.755867,0.244133
2024-05-16 23:39:44.229606,Step[16],0.761925,0.748448,0.251552
2024-05-16 23:40:23.440847,Step[17],0.760535,0.738612,0.261388
2024-05-16 23:41:02.620678,Step[18],0.754118,0.739348,0.260652
2024-05-16 23:41:41.762109,Step[19],0.747641,0.731475,0.268525
2024-05-16 23:42:21.104250,Step[20],0.747629,0.731356,0.268644
2024-05-16 23:43:00.343790,Step[21],0.740381,0.727901,0.272099
2024-05-16 23:43:39.472889,Step[22],0.732997,0.732432,0.267568
2024-05-16 23:44:18.529566,Step[23],0.728573,0.722719,0.277281
2024-05-16 23:44:57.795339,Step[24],0.720618,0.725876,0.274124
2024-05-16 23:45:36.956751,Step[25],0.720835,0.717907,0.282093
2024-05-16 23:46:16.157249,Step[26],0.719941,0.722210,0.277790
2024-05-16 23:46:55.315172,Step[27],0.709938,0.726022,0.273978
2024-05-16 23:47:34.395472,Step[28],0.710499,0.710666,0.289334
2024-05-16 23:48:13.563740,Step[29],0.705132,0.712418,0.287582
2024-05-16 23:48:52.548618,Step[30],0.698904,0.709038,0.290962
2024-05-16 23:49:31.714974,Step[31],0.705512,0.702656,0.297344
2024-05-16 23:50:10.985462,Step[32],0.693336,0.704865,0.295135
2024-05-16 23:50:50.198416,Step[33],0.691452,0.701184,0.298816
2024-05-16 23:51:29.384921,Step[34],0.684185,0.708123,0.291877
2024-05-16 23:52:08.557945,Step[35],0.684562,0.699039,0.300961
2024-05-16 23:52:47.730234,Step[36],0.681992,0.695300,0.304700
2024-05-16 23:53:26.908062,Step[37],0.685261,0.695906,0.304094
2024-05-16 23:54:06.052212,Step[38],0.677601,0.709119,0.290881
2024-05-16 23:54:45.236074,Step[39],0.669254,0.693465,0.306535
2024-05-16 23:55:24.480646,Step[40],0.664322,0.690359,0.309641
2024-05-16 23:56:03.662897,Step[41],0.668068,0.688694,0.311306
2024-05-16 23:56:42.780203,Step[42],0.657599,0.686891,0.313109
2024-05-16 23:57:21.913164,Step[43],0.658616,0.690257,0.309743
2024-05-16 23:58:01.185260,Step[44],0.661301,0.692388,0.307612
2024-05-16 23:58:40.371597,Step[45],0.650542,0.688863,0.311137
2024-05-16 23:59:19.514858,Step[46],0.650501,0.690272,0.309728
2024-05-16 23:59:58.701821,Step[47],0.651878,0.684232,0.315768
2024-05-17 00:00:37.819889,Step[48],0.650137,0.683531,0.316469
2024-05-17 00:01:17.095834,Step[49],0.642471,0.686546,0.313454
2024-05-17 00:01:56.238231,Step[50],0.634473,0.683859,0.316141
2024-05-17 00:02:35.337913,Step[51],0.642256,0.681814,0.318186
2024-05-17 00:03:14.535442,Step[52],0.633887,0.681683,0.318317
2024-05-17 00:03:53.836441,Step[53],0.637024,0.684367,0.315633
2024-05-17 00:04:32.867151,Step[54],0.635399,0.676867,0.323133
2024-05-17 00:05:12.040589,Step[55],0.635004,0.684473,0.315527
2024-05-17 00:05:51.276219,Step[56],0.625756,0.678975,0.321025
2024-05-17 00:06:30.337776,Step[57],0.635022,0.684872,0.315128
2024-05-17 00:07:09.498049,Step[58],0.626145,0.678846,0.321154
2024-05-17 00:07:48.647130,Step[59],0.624084,0.679365,0.320635
2024-05-17 00:08:27.669506,Step[60],0.619982,0.683030,0.316970
2024-05-17 00:09:06.749021,Step[61],0.620041,0.676022,0.323978
2024-05-17 00:09:46.136165,Step[62],0.621739,0.676799,0.323201
2024-05-17 00:10:25.324252,Step[63],0.617484,0.680730,0.319270
2024-05-17 00:11:04.440464,Step[64],0.610351,0.675474,0.324526
2024-05-17 00:11:43.700951,Step[65],0.611991,0.681250,0.318750
2024-05-17 00:12:22.798273,Step[66],0.609864,0.675859,0.324141
2024-05-17 00:13:01.965627,Step[67],0.612463,0.674130,0.325870
2024-05-17 00:13:41.280537,Step[68],0.606148,0.673433,0.326567
2024-05-17 00:14:20.532862,Step[69],0.609796,0.672365,0.327635
2024-05-17 00:14:59.776343,Step[70],0.607335,0.677511,0.322489
2024-05-17 00:15:38.866723,Step[71],0.600762,0.674165,0.325835
2024-05-17 00:16:17.981030,Step[72],0.609698,0.671511,0.328489
2024-05-17 00:16:57.139839,Step[73],0.605613,0.664075,0.335925
2024-05-17 00:17:36.378031,Step[74],0.605815,0.665350,0.334650
2024-05-17 00:18:15.550045,Step[75],0.598443,0.664662,0.335338
2024-05-17 00:18:54.751183,Step[76],0.595628,0.675036,0.324964
2024-05-17 00:19:33.810114,Step[77],0.599081,0.662521,0.337479
2024-05-17 00:20:12.958318,Step[78],0.597262,0.666061,0.333939
2024-05-17 00:20:52.003619,Step[79],0.602316,0.669071,0.330929
2024-05-17 00:21:30.965699,Step[80],0.600460,0.668354,0.331646
2024-05-17 00:22:10.069066,Step[81],0.587255,0.662486,0.337514
2024-05-17 00:22:49.333339,Step[82],0.597466,0.666144,0.333856
2024-05-17 00:23:28.376183,Step[83],0.594496,0.664971,0.335029
2024-05-17 00:24:07.415614,Step[84],0.592175,0.660199,0.339801
2024-05-17 00:24:46.617198,Step[85],0.590671,0.669148,0.330852
2024-05-17 00:25:25.725615,Step[86],0.589400,0.658202,0.341798
2024-05-17 00:26:04.922439,Step[87],0.587441,0.652762,0.347238
2024-05-17 00:26:44.337419,Step[88],0.591474,0.652742,0.347258
2024-05-17 00:27:23.501568,Step[89],0.603865,0.659127,0.340873
2024-05-17 00:28:02.655993,Step[90],0.588046,0.648106,0.351894
2024-05-17 00:28:41.806387,Step[91],0.592680,0.652250,0.347750
2024-05-17 00:29:20.888462,Step[92],0.589114,0.633505,0.366495
2024-05-17 00:30:00.180258,Step[93],0.577101,0.662344,0.337656
2024-05-17 00:30:39.343791,Step[94],0.575663,0.650019,0.349981
2024-05-17 00:31:18.480736,Step[95],0.568187,0.642825,0.357175
2024-05-17 00:31:57.498723,Step[96],0.587987,0.640295,0.359705
2024-05-17 00:32:36.566133,Step[97],0.581672,0.605175,0.394825
2024-05-17 00:33:15.742962,Step[98],0.586403,0.639999,0.360001
2024-05-17 00:33:54.891589,Step[99],0.585356,0.631972,0.368028
2024-05-17 00:34:33.953752,Step[100],0.599663,0.634557,0.365443
2024-05-17 00:35:13.016976,Step[101],0.592936,0.639530,0.360470
2024-05-17 00:35:52.065450,Step[102],0.590640,0.608089,0.391911
2024-05-17 00:36:31.082804,Step[103],0.565450,0.567721,0.432279
2024-05-17 00:37:10.416509,Step[104],0.541210,0.564410,0.435590
2024-05-17 00:37:49.657598,Step[105],0.550665,0.617039,0.382961
2024-05-17 00:38:28.834891,Step[106],0.546019,0.551434,0.448566
2024-05-17 00:39:08.058953,Step[107],0.545173,0.566244,0.433756
2024-05-17 00:39:47.169682,Step[108],0.527573,0.536161,0.463839
2024-05-17 00:40:26.370652,Step[109],0.556550,0.546321,0.453679
2024-05-17 00:41:05.491254,Step[110],0.507688,0.514305,0.485695
2024-05-17 00:41:44.801418,Step[111],0.495918,0.502744,0.497256
2024-05-17 00:42:24.003345,Step[112],0.529520,0.622632,0.377368
2024-05-17 00:43:03.302379,Step[113],0.592986,0.489469,0.510531
2024-05-17 00:43:42.529978,Step[114],0.510209,0.610943,0.389057
2024-05-17 00:44:21.617593,Step[115],0.545276,0.477774,0.522226
2024-05-17 00:45:00.816595,Step[116],0.472151,0.455370,0.544630
2024-05-17 00:45:40.074822,Step[117],0.478173,0.488969,0.511031
2024-05-17 00:46:19.200004,Step[118],0.477233,0.476023,0.523977
2024-05-17 00:46:58.348518,Step[119],0.477028,0.437943,0.562057
2024-05-17 00:47:37.527092,Step[120],0.443216,0.410297,0.589703
2024-05-17 00:48:16.705788,Step[121],0.505776,0.611101,0.388899
2024-05-17 00:48:55.758236,Step[122],0.566026,0.500022,0.499978
2024-05-17 00:49:34.871397,Step[123],0.513243,0.432615,0.567385
2024-05-17 00:50:13.943745,Step[124],0.520995,0.433712,0.566288
2024-05-17 00:50:53.077700,Step[125],0.505325,0.459021,0.540979
2024-05-17 00:51:32.168292,Step[126],0.501902,0.436869,0.563131
2024-05-17 00:52:11.240317,Step[127],0.483449,0.450320,0.549680
2024-05-17 00:52:50.244519,Step[128],0.495168,0.432858,0.567142
2024-05-17 00:53:29.317379,Step[129],0.484354,0.420841,0.579159
2024-05-17 00:54:08.403230,Step[130],0.529727,0.574755,0.425245
2024-05-17 00:54:47.527752,Step[131],0.559653,0.414033,0.585967
2024-05-17 00:55:26.632108,Step[132],0.468599,0.413454,0.586546
2024-05-17 00:56:05.605783,Step[133],0.463881,0.409273,0.590727
2024-05-17 00:56:44.717811,Step[134],0.491255,0.423631,0.576369
2024-05-17 00:57:23.767119,Step[135],0.451285,0.411193,0.588807
2024-05-17 00:58:02.889988,Step[136],0.443493,0.394869,0.605131
2024-05-17 00:58:42.032414,Step[137],0.453970,0.421568,0.578432
2024-05-17 00:59:21.160945,Step[138],0.460556,0.430987,0.569013
2024-05-17 01:00:00.168115,Step[139],0.462860,0.419186,0.580814
2024-05-17 01:00:39.101118,Step[140],0.443021,0.391768,0.608232
2024-05-17 01:01:18.281702,Step[141],0.424498,0.405833,0.594167
2024-05-17 01:01:57.385892,Step[142],0.419422,0.370589,0.629411
2024-05-17 01:02:36.674757,Step[143],0.409039,0.395008,0.604992
2024-05-17 01:03:15.812214,Step[144],0.428831,0.393730,0.606270
2024-05-17 01:03:54.850610,Step[145],0.434382,0.422969,0.577031
2024-05-17 01:04:33.895607,Step[146],0.449510,0.504346,0.495654
2024-05-17 01:05:12.907300,Step[147],0.630993,0.553000,0.447000
2024-05-17 01:05:52.118873,Step[148],0.572050,0.457419,0.542581
2024-05-17 01:06:31.232540,Step[149],0.486695,0.401088,0.598912
2024-05-17 01:07:10.385807,Step[150],0.461800,0.400591,0.599409
2024-05-17 01:07:49.447399,Step[151],0.472201,0.405330,0.594670
2024-05-17 01:08:28.532410,Step[152],0.425376,0.389864,0.610136
2024-05-17 01:09:07.533951,Step[153],0.407345,0.358335,0.641665
2024-05-17 01:09:46.463145,Step[154],0.399749,0.369832,0.630168
2024-05-17 01:10:23.966732,Step[155],0.382757,0.368002,0.631998
2024-05-17 01:11:01.398109,Step[156],0.389296,0.371858,0.628142
2024-05-17 01:11:38.734364,Step[157],0.385171,0.363579,0.636421
2024-05-17 01:12:16.076781,Step[158],0.413222,0.360520,0.639480
2024-05-17 01:12:53.489912,Step[159],0.387366,0.329125,0.670875
2024-05-17 01:13:31.086086,Step[160],0.406978,0.359429,0.640571
2024-05-17 01:14:08.531871,Step[161],0.381757,0.344059,0.655941
2024-05-17 01:14:46.048702,Step[162],0.381343,0.358195,0.641805
2024-05-17 01:15:23.445422,Step[163],0.420113,0.401442,0.598558
2024-05-17 01:16:00.763716,Step[164],0.452918,0.372139,0.627861
2024-05-17 01:16:38.066729,Step[165],0.413748,0.372089,0.627911
2024-05-17 01:17:15.460174,Step[166],0.418075,0.365191,0.634809
2024-05-17 01:17:52.825700,Step[167],0.396169,0.369408,0.630592
2024-05-17 01:18:30.234404,Step[168],0.397227,0.368850,0.631150
2024-05-17 01:19:07.686590,Step[169],0.392218,0.363866,0.636134
2024-05-17 01:19:44.995646,Step[170],0.375281,0.362089,0.637911
2024-05-17 01:20:22.332521,Step[171],0.397127,0.356118,0.643882
2024-05-17 01:20:59.633698,Step[172],0.381656,0.365142,0.634858
2024-05-17 01:21:37.014986,Step[173],0.360084,0.358104,0.641896
2024-05-17 01:22:14.437640,Step[174],0.381961,0.357753,0.642247
2024-05-17 01:22:51.995645,Step[175],0.383036,0.352437,0.647563
2024-05-17 01:23:29.308774,Step[176],0.368480,0.364154,0.635846
2024-05-17 01:24:06.614055,Step[177],0.352084,0.350710,0.649290
2024-05-17 01:24:43.981318,Step[178],0.359478,0.360171,0.639829
2024-05-17 01:25:21.362836,Step[179],0.349522,0.360179,0.639821
2024-05-17 01:25:58.826770,Step[180],0.354442,0.396039,0.603961
2024-05-17 01:26:36.238759,Step[181],0.395444,0.343571,0.656429
2024-05-17 01:27:13.643973,Step[182],0.361052,0.342811,0.657189
2024-05-17 01:27:51.015331,Step[183],0.360879,0.340534,0.659466
2024-05-17 01:28:28.416569,Step[184],0.350449,0.346596,0.653404
2024-05-17 01:29:05.801516,Step[185],0.353299,0.334466,0.665534
2024-05-17 01:29:43.227442,Step[186],0.346959,0.339664,0.660336
2024-05-17 01:30:20.632844,Step[187],0.348002,0.348494,0.651506
2024-05-17 01:30:58.125731,Step[188],0.349442,0.339104,0.660896
2024-05-17 01:31:35.471256,Step[189],0.364281,0.343506,0.656494
2024-05-17 01:32:12.822117,Step[190],0.343361,0.336951,0.663049
2024-05-17 01:32:50.135911,Step[191],0.343117,0.319505,0.680495
2024-05-17 01:33:27.586754,Step[192],0.333664,0.329634,0.670366
2024-05-17 01:34:04.964942,Step[193],0.342863,0.335806,0.664194
2024-05-17 01:34:42.445064,Step[194],0.347976,0.318565,0.681435
2024-05-17 01:35:19.922637,Step[195],0.340565,0.311357,0.688643
2024-05-17 01:35:57.336956,Step[196],0.322337,0.314249,0.685751
2024-05-17 01:36:34.628037,Step[197],0.330417,0.346189,0.653811
2024-05-17 01:37:11.916777,Step[198],0.341329,0.321886,0.678114
2024-05-17 01:37:49.382414,Step[199],0.327134,0.312636,0.687364
2024-05-17 01:38:26.729967,Step[200],0.328079,0.313966,0.686034
2024-05-17 01:39:04.163808,Step[201],0.316718,0.311275,0.688725
2024-05-17 01:39:41.618014,Step[202],0.329743,0.315465,0.684535
2024-05-17 01:40:18.983818,Step[203],0.324862,0.300210,0.699790
2024-05-17 01:40:56.405154,Step[204],0.338288,0.309377,0.690623
2024-05-17 01:41:33.878321,Step[205],0.342227,0.312231,0.687769
2024-05-17 01:42:11.270987,Step[206],0.329471,0.304295,0.695705
2024-05-17 01:42:48.677373,Step[207],0.337653,0.333684,0.666316
2024-05-17 01:43:25.934692,Step[208],0.341488,0.302727,0.697273
2024-05-17 01:44:03.291841,Step[209],0.327171,0.299527,0.700473
2024-05-17 01:44:40.742900,Step[210],0.327125,0.291934,0.708066
2024-05-17 01:45:18.222418,Step[211],0.329582,0.302918,0.697082
2024-05-17 01:45:55.722367,Step[212],0.321768,0.298280,0.701720
2024-05-17 01:46:33.091966,Step[213],0.325994,0.300185,0.699815
2024-05-17 01:47:10.450490,Step[214],0.315011,0.302422,0.697578
2024-05-17 01:47:47.793690,Step[215],0.329647,0.293281,0.706719
2024-05-17 01:48:25.165241,Step[216],0.321889,0.300339,0.699661
2024-05-17 01:49:02.470403,Step[217],0.328623,0.299799,0.700201
2024-05-17 01:49:39.920226,Step[218],0.333350,0.300340,0.699660
2024-05-17 01:50:17.411990,Step[219],0.327540,0.297630,0.702370
2024-05-17 01:50:54.959918,Step[220],0.325761,0.302915,0.697085
2024-05-17 01:51:32.265220,Step[221],0.322639,0.301640,0.698360
2024-05-17 01:52:09.607953,Step[222],0.339702,0.301872,0.698128
2024-05-17 01:52:46.880527,Step[223],0.326754,0.302026,0.697974
2024-05-17 01:53:24.145387,Step[224],0.316062,0.313644,0.686356
2024-05-17 01:54:01.544192,Step[225],0.307997,0.302527,0.697473
2024-05-17 01:54:38.945309,Step[226],0.311038,0.293941,0.706059
2024-05-17 01:55:16.347829,Step[227],0.328402,0.315139,0.684861
2024-05-17 01:55:53.670194,Step[228],0.327194,0.293824,0.706176
2024-05-17 01:56:31.004182,Step[229],0.311219,0.308826,0.691174
2024-05-17 01:57:08.370326,Step[230],0.328098,0.299640,0.700360
2024-05-17 01:57:45.801464,Step[231],0.316842,0.299436,0.700564
2024-05-17 01:58:23.279993,Step[232],0.313568,0.299483,0.700517
2024-05-17 01:59:00.658856,Step[233],0.316860,0.290175,0.709825
2024-05-17 01:59:38.011462,Step[234],0.307675,0.298547,0.701453
2024-05-17 02:00:15.392094,Step[235],0.322504,0.297530,0.702470
2024-05-17 02:00:52.778477,Step[236],0.310466,0.288671,0.711329
2024-05-17 02:01:30.258528,Step[237],0.323012,0.293513,0.706487
2024-05-17 02:02:07.683118,Step[238],0.317906,0.310152,0.689848
2024-05-17 02:02:45.116352,Step[239],0.324546,0.304568,0.695432
2024-05-17 02:03:22.515051,Step[240],0.325078,0.308781,0.691219
2024-05-17 02:03:59.844285,Step[241],0.321212,0.303826,0.696174
2024-05-17 02:04:37.202901,Step[242],0.322162,0.305654,0.694346
2024-05-17 02:05:14.592101,Step[243],0.312380,0.307799,0.692201
2024-05-17 02:05:52.008663,Step[244],0.309961,0.308024,0.691976
2024-05-17 02:06:29.357659,Step[245],0.305142,0.293095,0.706905
2024-05-17 02:07:06.814255,Step[246],0.316262,0.299300,0.700700
2024-05-17 02:07:44.155041,Step[247],0.322807,0.298319,0.701681
2024-05-17 02:08:21.506116,Step[248],0.319052,0.294796,0.705204
2024-05-17 02:08:58.799381,Step[249],0.309004,0.300875,0.699125
2024-05-17 02:09:36.212829,Step[250],0.317927,0.307688,0.692312
2024-05-17 02:10:13.602123,Step[251],0.308093,0.302575,0.697425
2024-05-17 02:10:51.141513,Step[252],0.311174,0.298861,0.701139
2024-05-17 02:11:28.467262,Step[253],0.305670,0.297928,0.702072
2024-05-17 02:12:05.846156,Step[254],0.306123,0.287652,0.712348
2024-05-17 02:12:43.245798,Step[255],0.306856,0.293538,0.706462
2024-05-17 02:13:20.525584,Step[256],0.306712,0.292282,0.707718
2024-05-17 02:13:57.962371,Step[257],0.296568,0.293934,0.706066
2024-05-17 02:14:35.248238,Step[258],0.305453,0.293865,0.706135
2024-05-17 02:15:12.646943,Step[259],0.298195,0.292379,0.707621
2024-05-17 02:15:50.064096,Step[260],0.308076,0.294175,0.705825
2024-05-17 02:16:27.394309,Step[261],0.311928,0.287333,0.712667
2024-05-17 02:17:04.798964,Step[262],0.295574,0.287498,0.712502
2024-05-17 02:17:42.249594,Step[263],0.299053,0.286113,0.713887
2024-05-17 02:18:19.688879,Step[264],0.306650,0.286346,0.713654
2024-05-17 02:18:57.181573,Step[265],0.306425,0.283783,0.716217
2024-05-17 02:19:34.594612,Step[266],0.297255,0.285822,0.714178
2024-05-17 02:20:11.914147,Step[267],0.315556,0.290885,0.709115
2024-05-17 02:20:49.351306,Step[268],0.297457,0.291886,0.708114
2024-05-17 02:21:26.749098,Step[269],0.292111,0.288312,0.711688
2024-05-17 02:22:04.164379,Step[270],0.306831,0.291486,0.708514
2024-05-17 02:22:41.564215,Step[271],0.306014,0.286600,0.713400
2024-05-17 02:23:18.908351,Step[272],0.299248,0.286593,0.713407
2024-05-17 02:23:56.231820,Step[273],0.297152,0.285461,0.714539
2024-05-17 02:24:33.536238,Step[274],0.297713,0.290052,0.709948
2024-05-17 02:25:10.844587,Step[275],0.305345,0.286688,0.713312
2024-05-17 02:25:48.195515,Step[276],0.314154,0.284004,0.715996
2024-05-17 02:26:25.477269,Step[277],0.320081,0.285225,0.714775
2024-05-17 02:27:02.950895,Step[278],0.300052,0.285067,0.714933
2024-05-17 02:27:40.281271,Step[279],0.294864,0.284621,0.715379
2024-05-17 02:28:17.620999,Step[280],0.311582,0.286138,0.713862
2024-05-17 02:28:54.920374,Step[281],0.300536,0.283593,0.716407
2024-05-17 02:29:32.382028,Step[282],0.302567,0.282855,0.717145
2024-05-17 02:30:09.898926,Step[283],0.305335,0.285723,0.714277
2024-05-17 02:30:47.472733,Step[284],0.298372,0.283595,0.716405
2024-05-17 02:31:24.777677,Step[285],0.301456,0.283104,0.716896
2024-05-17 02:32:02.103340,Step[286],0.301819,0.293730,0.706270
2024-05-17 02:32:39.407055,Step[287],0.299378,0.293006,0.706994
2024-05-17 02:33:16.831742,Step[288],0.302940,0.290641,0.709359
2024-05-17 02:33:54.312062,Step[289],0.294920,0.294839,0.705161
2024-05-17 02:34:31.660448,Step[290],0.293627,0.292066,0.707934
2024-05-17 02:35:09.036309,Step[291],0.304468,0.282439,0.717561
2024-05-17 02:35:46.457628,Step[292],0.296588,0.284105,0.715895
2024-05-17 02:36:23.781466,Step[293],0.290781,0.291573,0.708427
2024-05-17 02:37:01.053338,Step[294],0.301324,0.282859,0.717141
2024-05-17 02:37:38.473727,Step[295],0.295867,0.294385,0.705615
2024-05-17 02:38:15.857898,Step[296],0.297753,0.281927,0.718073
2024-05-17 02:38:53.362139,Step[297],0.301378,0.291573,0.708427
2024-05-17 02:39:30.665785,Step[298],0.300936,0.291646,0.708354
2024-05-17 02:40:07.963341,Step[299],0.294722,0.289961,0.710039
2024-05-17 02:40:45.280552,Step[300],0.294720,0.282294,0.717706
